{"graph_0": {"_type": "graph-file", "path": "media/graph/graph_0_summary_94017ec6.graph.json", "sha256": "94017ec6671d70692292b9b90cd434376dce166d2660e30f05f9f8e834b8a031", "size": 52077}, "train/loss": 2.6786, "train/learning_rate": 6.880733944954129e-09, "train/epoch": 10.0, "train/global_step": 9020, "_runtime": 6575, "_timestamp": 1619082476, "_step": 90, "train/train_runtime": 6574.9092, "train/train_samples_per_second": 1.372, "train/total_flos": 6.0600480889896e+16}