{"graph_0": {"_type": "graph-file", "path": "media/graph/graph_0_summary_9da5b509.graph.json", "sha256": "9da5b509038d289d4d592dccfd2f902003a094cba637aa7b871323f9598579fb", "size": 52077}, "train/loss": 2.6084, "train/learning_rate": 1.153061224489796e-06, "train/epoch": 9.0, "train/global_step": 2034, "_runtime": 1506, "_timestamp": 1619062883, "_step": 18, "eval/loss": 2.8348047733306885, "eval/accuracy": 0.7717451523545706, "eval/runtime": 21.0141, "eval/samples_per_second": 85.895, "train/train_runtime": 1507.1284, "train/train_samples_per_second": 1.5, "train/total_flos": 4.36250895027984e+16}