{"graph_0": {"_type": "graph-file", "path": "media/graph/graph_0_summary_426dffed.graph.json", "sha256": "426dffed3e117d979b5f785d22fa9e0aa38532b2b1e26999d2f1f10cd51d41cb", "size": 52077}, "train/loss": 2.5503, "train/learning_rate": 1.639344262295082e-07, "train/epoch": 10.0, "train/global_step": 2740, "_runtime": 4624, "_timestamp": 1619089176, "_step": 27, "train/train_runtime": 4625.0614, "train/train_samples_per_second": 0.592, "train/total_flos": 7.51690541979648e+16}