{"graph_0": {"_type": "graph-file", "path": "media/graph/graph_0_summary_585da39c.graph.json", "sha256": "585da39cec210464a547f3758dd566fb50db5a28c8d85fb966370406c7833fde", "size": 52077}, "train/loss": 2.9985, "train/learning_rate": 9.224489795918367e-06, "train/epoch": 2.0, "train/global_step": 452, "_runtime": 315, "_timestamp": 1619063737, "_step": 3, "eval/loss": 2.885822296142578, "eval/accuracy": 0.7024930747922438, "eval/runtime": 21.0169, "eval/samples_per_second": 85.883}